<?xml version="1.0" encoding="UTF-8"?>
<!DOCTYPE mapper PUBLIC "-//mybatis.org//DTD Mapper 3.0//EN" "http://mybatis.org/dtd/mybatis-3-mapper.dtd">
<mapper namespace="com.ecommerce.one.ecommerce.mapper.addressMapper">
  <resultMap id="BaseResultMap" type="com.ecommerce.one.ecommerce.domain.address">
    <!--
      WARNING - @mbg.generated
      This element is automatically generated by MyBatis Generator, do not modify.
      This element was generated on Sun May 24 14:31:24 CST 2020.
    -->
    <id column="ADDRESSID" jdbcType="INTEGER" property="addressid" />
    <result column="ORDERID" jdbcType="INTEGER" property="orderid" />
    <result column="CITY" jdbcType="VARCHAR" property="city" />
    <result column="PROVINCE" jdbcType="VARCHAR" property="province" />
    <result column="STATE" jdbcType="VARCHAR" property="state" />
    <result column="STREETNO" jdbcType="VARCHAR" property="streetno" />
    <result column="STREETNAME" jdbcType="VARCHAR" property="streetname" />
    <result column="POSTALCODE" jdbcType="INTEGER" property="postalcode" />
  </resultMap>
  <sql id="Example_Where_Clause">
    <!--
      WARNING - @mbg.generated
      This element is automatically generated by MyBatis Generator, do not modify.
      This element was generated on Sun May 24 14:31:24 CST 2020.
    -->
    <where>
      <foreach collection="oredCriteria" item="criteria" separator="or">
        <if test="criteria.valid">
          <trim prefix="(" prefixOverrides="and" suffix=")">
            <foreach collection="criteria.criteria" item="criterion">
              <choose>
                <when test="criterion.noValue">
                  and ${criterion.condition}
                </when>
                <when test="criterion.singleValue">
                  and ${criterion.condition} #{criterion.value}
                </when>
                <when test="criterion.betweenValue">
                  and ${criterion.condition} #{criterion.value} and #{criterion.secondValue}
                </when>
                <when test="criterion.listValue">
                  and ${criterion.condition}
                  <foreach close=")" collection="criterion.value" item="listItem" open="(" separator=",">
                    #{listItem}
                  </foreach>
                </when>
              </choose>
            </foreach>
          </trim>
        </if>
      </foreach>
    </where>
  </sql>
  <sql id="Update_By_Example_Where_Clause">
    <!--
      WARNING - @mbg.generated
      This element is automatically generated by MyBatis Generator, do not modify.
      This element was generated on Sun May 24 14:31:24 CST 2020.
    -->
    <where>
      <foreach collection="example.oredCriteria" item="criteria" separator="or">
        <if test="criteria.valid">
          <trim prefix="(" prefixOverrides="and" suffix=")">
            <foreach collection="criteria.criteria" item="criterion">
              <choose>
                <when test="criterion.noValue">
                  and ${criterion.condition}
                </when>
                <when test="criterion.singleValue">
                  and ${criterion.condition} #{criterion.value}
                </when>
                <when test="criterion.betweenValue">
                  and ${criterion.condition} #{criterion.value} and #{criterion.secondValue}
                </when>
                <when test="criterion.listValue">
                  and ${criterion.condition}
                  <foreach close=")" collection="criterion.value" item="listItem" open="(" separator=",">
                    #{listItem}
                  </foreach>
                </when>
              </choose>
            </foreach>
          </trim>
        </if>
      </foreach>
    </where>
  </sql>
  <sql id="Base_Column_List">
    <!--
      WARNING - @mbg.generated
      This element is automatically generated by MyBatis Generator, do not modify.
      This element was generated on Sun May 24 14:31:24 CST 2020.
    -->
    ADDRESSID, ORDERID, CITY, PROVINCE, STATE, STREETNO, STREETNAME, POSTALCODE
  </sql>
  <select id="selectByExample" parameterType="com.ecommerce.one.ecommerce.domain.addressExample" resultMap="BaseResultMap">
    <!--
      WARNING - @mbg.generated
      This element is automatically generated by MyBatis Generator, do not modify.
      This element was generated on Sun May 24 14:31:24 CST 2020.
    -->
    select
    <if test="distinct">
      distinct
    </if>
    <include refid="Base_Column_List" />
    from address
    <if test="_parameter != null">
      <include refid="Example_Where_Clause" />
    </if>
    <if test="orderByClause != null">
      order by ${orderByClause}
    </if>
  </select>
  <select id="selectByPrimaryKey" parameterType="java.lang.Integer" resultMap="BaseResultMap">
    <!--
      WARNING - @mbg.generated
      This element is automatically generated by MyBatis Generator, do not modify.
      This element was generated on Sun May 24 14:31:24 CST 2020.
    -->
    select 
    <include refid="Base_Column_List" />
    from address
    where ADDRESSID = #{addressid,jdbcType=INTEGER}
  </select>
  <delete id="deleteByPrimaryKey" parameterType="java.lang.Integer">
    <!--
      WARNING - @mbg.generated
      This element is automatically generated by MyBatis Generator, do not modify.
      This element was generated on Sun May 24 14:31:24 CST 2020.
    -->
    delete from address
    where ADDRESSID = #{addressid,jdbcType=INTEGER}
  </delete>
  <delete id="deleteByExample" parameterType="com.ecommerce.one.ecommerce.domain.addressExample">
    <!--
      WARNING - @mbg.generated
      This element is automatically generated by MyBatis Generator, do not modify.
      This element was generated on Sun May 24 14:31:24 CST 2020.
    -->
    delete from address
    <if test="_parameter != null">
      <include refid="Example_Where_Clause" />
    </if>
  </delete>
  <insert id="insert" parameterType="com.ecommerce.one.ecommerce.domain.address">
    <!--
      WARNING - @mbg.generated
      This element is automatically generated by MyBatis Generator, do not modify.
      This element was generated on Sun May 24 14:31:24 CST 2020.
    -->
    insert into address (ADDRESSID, ORDERID, CITY, 
      PROVINCE, STATE, STREETNO, 
      STREETNAME, POSTALCODE)
    values (#{addressid,jdbcType=INTEGER}, #{orderid,jdbcType=INTEGER}, #{city,jdbcType=VARCHAR}, 
      #{province,jdbcType=VARCHAR}, #{state,jdbcType=VARCHAR}, #{streetno,jdbcType=VARCHAR}, 
      #{streetname,jdbcType=VARCHAR}, #{postalcode,jdbcType=INTEGER})
  </insert>
  <insert id="insertSelective" parameterType="com.ecommerce.one.ecommerce.domain.address">
    <!--
      WARNING - @mbg.generated
      This element is automatically generated by MyBatis Generator, do not modify.
      This element was generated on Sun May 24 14:31:24 CST 2020.
    -->
    insert into address
    <trim prefix="(" suffix=")" suffixOverrides=",">
      <if test="addressid != null">
        ADDRESSID,
      </if>
      <if test="orderid != null">
        ORDERID,
      </if>
      <if test="city != null">
        CITY,
      </if>
      <if test="province != null">
        PROVINCE,
      </if>
      <if test="state != null">
        STATE,
      </if>
      <if test="streetno != null">
        STREETNO,
      </if>
      <if test="streetname != null">
        STREETNAME,
      </if>
      <if test="postalcode != null">
        POSTALCODE,
      </if>
    </trim>
    <trim prefix="values (" suffix=")" suffixOverrides=",">
      <if test="addressid != null">
        #{addressid,jdbcType=INTEGER},
      </if>
      <if test="orderid != null">
        #{orderid,jdbcType=INTEGER},
      </if>
      <if test="city != null">
        #{city,jdbcType=VARCHAR},
      </if>
      <if test="province != null">
        #{province,jdbcType=VARCHAR},
      </if>
      <if test="state != null">
        #{state,jdbcType=VARCHAR},
      </if>
      <if test="streetno != null">
        #{streetno,jdbcType=VARCHAR},
      </if>
      <if test="streetname != null">
        #{streetname,jdbcType=VARCHAR},
      </if>
      <if test="postalcode != null">
        #{postalcode,jdbcType=INTEGER},
      </if>
    </trim>
  </insert>
  <select id="countByExample" parameterType="com.ecommerce.one.ecommerce.domain.addressExample" resultType="java.lang.Long">
    <!--
      WARNING - @mbg.generated
      This element is automatically generated by MyBatis Generator, do not modify.
      This element was generated on Sun May 24 14:31:24 CST 2020.
    -->
    select count(*) from address
    <if test="_parameter != null">
      <include refid="Example_Where_Clause" />
    </if>
  </select>
  <update id="updateByExampleSelective" parameterType="map">
    <!--
      WARNING - @mbg.generated
      This element is automatically generated by MyBatis Generator, do not modify.
      This element was generated on Sun May 24 14:31:24 CST 2020.
    -->
    update address
    <set>
      <if test="record.addressid != null">
        ADDRESSID = #{record.addressid,jdbcType=INTEGER},
      </if>
      <if test="record.orderid != null">
        ORDERID = #{record.orderid,jdbcType=INTEGER},
      </if>
      <if test="record.city != null">
        CITY = #{record.city,jdbcType=VARCHAR},
      </if>
      <if test="record.province != null">
        PROVINCE = #{record.province,jdbcType=VARCHAR},
      </if>
      <if test="record.state != null">
        STATE = #{record.state,jdbcType=VARCHAR},
      </if>
      <if test="record.streetno != null">
        STREETNO = #{record.streetno,jdbcType=VARCHAR},
      </if>
      <if test="record.streetname != null">
        STREETNAME = #{record.streetname,jdbcType=VARCHAR},
      </if>
      <if test="record.postalcode != null">
        POSTALCODE = #{record.postalcode,jdbcType=INTEGER},
      </if>
    </set>
    <if test="_parameter != null">
      <include refid="Update_By_Example_Where_Clause" />
    </if>
  </update>
  <update id="updateByExample" parameterType="map">
    <!--
      WARNING - @mbg.generated
      This element is automatically generated by MyBatis Generator, do not modify.
      This element was generated on Sun May 24 14:31:24 CST 2020.
    -->
    update address
    set ADDRESSID = #{record.addressid,jdbcType=INTEGER},
      ORDERID = #{record.orderid,jdbcType=INTEGER},
      CITY = #{record.city,jdbcType=VARCHAR},
      PROVINCE = #{record.province,jdbcType=VARCHAR},
      STATE = #{record.state,jdbcType=VARCHAR},
      STREETNO = #{record.streetno,jdbcType=VARCHAR},
      STREETNAME = #{record.streetname,jdbcType=VARCHAR},
      POSTALCODE = #{record.postalcode,jdbcType=INTEGER}
    <if test="_parameter != null">
      <include refid="Update_By_Example_Where_Clause" />
    </if>
  </update>
  <update id="updateByPrimaryKeySelective" parameterType="com.ecommerce.one.ecommerce.domain.address">
    <!--
      WARNING - @mbg.generated
      This element is automatically generated by MyBatis Generator, do not modify.
      This element was generated on Sun May 24 14:31:24 CST 2020.
    -->
    update address
    <set>
      <if test="orderid != null">
        ORDERID = #{orderid,jdbcType=INTEGER},
      </if>
      <if test="city != null">
        CITY = #{city,jdbcType=VARCHAR},
      </if>
      <if test="province != null">
        PROVINCE = #{province,jdbcType=VARCHAR},
      </if>
      <if test="state != null">
        STATE = #{state,jdbcType=VARCHAR},
      </if>
      <if test="streetno != null">
        STREETNO = #{streetno,jdbcType=VARCHAR},
      </if>
      <if test="streetname != null">
        STREETNAME = #{streetname,jdbcType=VARCHAR},
      </if>
      <if test="postalcode != null">
        POSTALCODE = #{postalcode,jdbcType=INTEGER},
      </if>
    </set>
    where ADDRESSID = #{addressid,jdbcType=INTEGER}
  </update>
  <update id="updateByPrimaryKey" parameterType="com.ecommerce.one.ecommerce.domain.address">
    <!--
      WARNING - @mbg.generated
      This element is automatically generated by MyBatis Generator, do not modify.
      This element was generated on Sun May 24 14:31:24 CST 2020.
    -->
    update address
    set ORDERID = #{orderid,jdbcType=INTEGER},
      CITY = #{city,jdbcType=VARCHAR},
      PROVINCE = #{province,jdbcType=VARCHAR},
      STATE = #{state,jdbcType=VARCHAR},
      STREETNO = #{streetno,jdbcType=VARCHAR},
      STREETNAME = #{streetname,jdbcType=VARCHAR},
      POSTALCODE = #{postalcode,jdbcType=INTEGER}
    where ADDRESSID = #{addressid,jdbcType=INTEGER}
  </update>
</mapper>