<?xml version="1.0" encoding="UTF-8"?>
<!DOCTYPE mapper PUBLIC "-//mybatis.org//DTD Mapper 3.0//EN" "http://mybatis.org/dtd/mybatis-3-mapper.dtd">
<mapper namespace="com.ecommerce.one.ecommerce.mapper.adminMapper">
  <resultMap id="BaseResultMap" type="com.ecommerce.one.ecommerce.domain.admin">
    <!--
      WARNING - @mbg.generated
      This element is automatically generated by MyBatis Generator, do not modify.
      This element was generated on Sun May 24 14:31:24 CST 2020.
    -->
    <id column="ADMINID" jdbcType="INTEGER" property="adminid" />
    <result column="ADMINNAME" jdbcType="VARCHAR" property="adminname" />
    <result column="ADMINPASSWORD" jdbcType="VARCHAR" property="adminpassword" />
    <result column="ADMINEMAIL" jdbcType="VARCHAR" property="adminemail" />
  </resultMap>
  <sql id="Example_Where_Clause">
    <!--
      WARNING - @mbg.generated
      This element is automatically generated by MyBatis Generator, do not modify.
      This element was generated on Sun May 24 14:31:24 CST 2020.
    -->
    <where>
      <foreach collection="oredCriteria" item="criteria" separator="or">
        <if test="criteria.valid">
          <trim prefix="(" prefixOverrides="and" suffix=")">
            <foreach collection="criteria.criteria" item="criterion">
              <choose>
                <when test="criterion.noValue">
                  and ${criterion.condition}
                </when>
                <when test="criterion.singleValue">
                  and ${criterion.condition} #{criterion.value}
                </when>
                <when test="criterion.betweenValue">
                  and ${criterion.condition} #{criterion.value} and #{criterion.secondValue}
                </when>
                <when test="criterion.listValue">
                  and ${criterion.condition}
                  <foreach close=")" collection="criterion.value" item="listItem" open="(" separator=",">
                    #{listItem}
                  </foreach>
                </when>
              </choose>
            </foreach>
          </trim>
        </if>
      </foreach>
    </where>
  </sql>
  <sql id="Update_By_Example_Where_Clause">
    <!--
      WARNING - @mbg.generated
      This element is automatically generated by MyBatis Generator, do not modify.
      This element was generated on Sun May 24 14:31:24 CST 2020.
    -->
    <where>
      <foreach collection="example.oredCriteria" item="criteria" separator="or">
        <if test="criteria.valid">
          <trim prefix="(" prefixOverrides="and" suffix=")">
            <foreach collection="criteria.criteria" item="criterion">
              <choose>
                <when test="criterion.noValue">
                  and ${criterion.condition}
                </when>
                <when test="criterion.singleValue">
                  and ${criterion.condition} #{criterion.value}
                </when>
                <when test="criterion.betweenValue">
                  and ${criterion.condition} #{criterion.value} and #{criterion.secondValue}
                </when>
                <when test="criterion.listValue">
                  and ${criterion.condition}
                  <foreach close=")" collection="criterion.value" item="listItem" open="(" separator=",">
                    #{listItem}
                  </foreach>
                </when>
              </choose>
            </foreach>
          </trim>
        </if>
      </foreach>
    </where>
  </sql>
  <sql id="Base_Column_List">
    <!--
      WARNING - @mbg.generated
      This element is automatically generated by MyBatis Generator, do not modify.
      This element was generated on Sun May 24 14:31:24 CST 2020.
    -->
    ADMINID, ADMINNAME, ADMINPASSWORD, ADMINEMAIL
  </sql>
  <select id="selectByExample" parameterType="com.ecommerce.one.ecommerce.domain.adminExample" resultMap="BaseResultMap">
    <!--
      WARNING - @mbg.generated
      This element is automatically generated by MyBatis Generator, do not modify.
      This element was generated on Sun May 24 14:31:24 CST 2020.
    -->
    select
    <if test="distinct">
      distinct
    </if>
    <include refid="Base_Column_List" />
    from admin
    <if test="_parameter != null">
      <include refid="Example_Where_Clause" />
    </if>
    <if test="orderByClause != null">
      order by ${orderByClause}
    </if>
  </select>
  <select id="selectByPrimaryKey" parameterType="java.lang.Integer" resultMap="BaseResultMap">
    <!--
      WARNING - @mbg.generated
      This element is automatically generated by MyBatis Generator, do not modify.
      This element was generated on Sun May 24 14:31:24 CST 2020.
    -->
    select 
    <include refid="Base_Column_List" />
    from admin
    where ADMINID = #{adminid,jdbcType=INTEGER}
  </select>
  <delete id="deleteByPrimaryKey" parameterType="java.lang.Integer">
    <!--
      WARNING - @mbg.generated
      This element is automatically generated by MyBatis Generator, do not modify.
      This element was generated on Sun May 24 14:31:24 CST 2020.
    -->
    delete from admin
    where ADMINID = #{adminid,jdbcType=INTEGER}
  </delete>
  <delete id="deleteByExample" parameterType="com.ecommerce.one.ecommerce.domain.adminExample">
    <!--
      WARNING - @mbg.generated
      This element is automatically generated by MyBatis Generator, do not modify.
      This element was generated on Sun May 24 14:31:24 CST 2020.
    -->
    delete from admin
    <if test="_parameter != null">
      <include refid="Example_Where_Clause" />
    </if>
  </delete>
  <insert id="insert" parameterType="com.ecommerce.one.ecommerce.domain.admin">
    <!--
      WARNING - @mbg.generated
      This element is automatically generated by MyBatis Generator, do not modify.
      This element was generated on Sun May 24 14:31:24 CST 2020.
    -->
    insert into admin (ADMINID, ADMINNAME, ADMINPASSWORD, 
      ADMINEMAIL)
    values (#{adminid,jdbcType=INTEGER}, #{adminname,jdbcType=VARCHAR}, #{adminpassword,jdbcType=VARCHAR}, 
      #{adminemail,jdbcType=VARCHAR})
  </insert>
  <insert id="insertSelective" parameterType="com.ecommerce.one.ecommerce.domain.admin">
    <!--
      WARNING - @mbg.generated
      This element is automatically generated by MyBatis Generator, do not modify.
      This element was generated on Sun May 24 14:31:24 CST 2020.
    -->
    insert into admin
    <trim prefix="(" suffix=")" suffixOverrides=",">
      <if test="adminid != null">
        ADMINID,
      </if>
      <if test="adminname != null">
        ADMINNAME,
      </if>
      <if test="adminpassword != null">
        ADMINPASSWORD,
      </if>
      <if test="adminemail != null">
        ADMINEMAIL,
      </if>
    </trim>
    <trim prefix="values (" suffix=")" suffixOverrides=",">
      <if test="adminid != null">
        #{adminid,jdbcType=INTEGER},
      </if>
      <if test="adminname != null">
        #{adminname,jdbcType=VARCHAR},
      </if>
      <if test="adminpassword != null">
        #{adminpassword,jdbcType=VARCHAR},
      </if>
      <if test="adminemail != null">
        #{adminemail,jdbcType=VARCHAR},
      </if>
    </trim>
  </insert>
  <select id="countByExample" parameterType="com.ecommerce.one.ecommerce.domain.adminExample" resultType="java.lang.Long">
    <!--
      WARNING - @mbg.generated
      This element is automatically generated by MyBatis Generator, do not modify.
      This element was generated on Sun May 24 14:31:24 CST 2020.
    -->
    select count(*) from admin
    <if test="_parameter != null">
      <include refid="Example_Where_Clause" />
    </if>
  </select>
  <update id="updateByExampleSelective" parameterType="map">
    <!--
      WARNING - @mbg.generated
      This element is automatically generated by MyBatis Generator, do not modify.
      This element was generated on Sun May 24 14:31:24 CST 2020.
    -->
    update admin
    <set>
      <if test="record.adminid != null">
        ADMINID = #{record.adminid,jdbcType=INTEGER},
      </if>
      <if test="record.adminname != null">
        ADMINNAME = #{record.adminname,jdbcType=VARCHAR},
      </if>
      <if test="record.adminpassword != null">
        ADMINPASSWORD = #{record.adminpassword,jdbcType=VARCHAR},
      </if>
      <if test="record.adminemail != null">
        ADMINEMAIL = #{record.adminemail,jdbcType=VARCHAR},
      </if>
    </set>
    <if test="_parameter != null">
      <include refid="Update_By_Example_Where_Clause" />
    </if>
  </update>
  <update id="updateByExample" parameterType="map">
    <!--
      WARNING - @mbg.generated
      This element is automatically generated by MyBatis Generator, do not modify.
      This element was generated on Sun May 24 14:31:24 CST 2020.
    -->
    update admin
    set ADMINID = #{record.adminid,jdbcType=INTEGER},
      ADMINNAME = #{record.adminname,jdbcType=VARCHAR},
      ADMINPASSWORD = #{record.adminpassword,jdbcType=VARCHAR},
      ADMINEMAIL = #{record.adminemail,jdbcType=VARCHAR}
    <if test="_parameter != null">
      <include refid="Update_By_Example_Where_Clause" />
    </if>
  </update>
  <update id="updateByPrimaryKeySelective" parameterType="com.ecommerce.one.ecommerce.domain.admin">
    <!--
      WARNING - @mbg.generated
      This element is automatically generated by MyBatis Generator, do not modify.
      This element was generated on Sun May 24 14:31:24 CST 2020.
    -->
    update admin
    <set>
      <if test="adminname != null">
        ADMINNAME = #{adminname,jdbcType=VARCHAR},
      </if>
      <if test="adminpassword != null">
        ADMINPASSWORD = #{adminpassword,jdbcType=VARCHAR},
      </if>
      <if test="adminemail != null">
        ADMINEMAIL = #{adminemail,jdbcType=VARCHAR},
      </if>
    </set>
    where ADMINID = #{adminid,jdbcType=INTEGER}
  </update>
  <update id="updateByPrimaryKey" parameterType="com.ecommerce.one.ecommerce.domain.admin">
    <!--
      WARNING - @mbg.generated
      This element is automatically generated by MyBatis Generator, do not modify.
      This element was generated on Sun May 24 14:31:24 CST 2020.
    -->
    update admin
    set ADMINNAME = #{adminname,jdbcType=VARCHAR},
      ADMINPASSWORD = #{adminpassword,jdbcType=VARCHAR},
      ADMINEMAIL = #{adminemail,jdbcType=VARCHAR}
    where ADMINID = #{adminid,jdbcType=INTEGER}
  </update>
</mapper>