<?xml version="1.0" encoding="UTF-8"?>
<!DOCTYPE mapper PUBLIC "-//mybatis.org//DTD Mapper 3.0//EN" "http://mybatis.org/dtd/mybatis-3-mapper.dtd">
<mapper namespace="com.ecommerce.one.ecommerce.mapper.customerMapper">
  <resultMap id="BaseResultMap" type="com.ecommerce.one.ecommerce.domain.customer">
    <!--
      WARNING - @mbg.generated
      This element is automatically generated by MyBatis Generator, do not modify.
      This element was generated on Sun May 24 14:31:24 CST 2020.
    -->
    <id column="CUSTOMERIID" jdbcType="INTEGER" property="customeriid" />
    <result column="PAYMENTID" jdbcType="INTEGER" property="paymentid" />
    <result column="WISHLISTID" jdbcType="INTEGER" property="wishlistid" />
    <result column="USERNAME" jdbcType="VARCHAR" property="username" />
    <result column="PASSWORDS" jdbcType="VARCHAR" property="passwords" />
    <result column="FULL_NAME" jdbcType="VARCHAR" property="fullName" />
    <result column="GENDER" jdbcType="VARCHAR" property="gender" />
    <result column="PHONE" jdbcType="BIGINT" property="phone" />
  </resultMap>
  <sql id="Example_Where_Clause">
    <!--
      WARNING - @mbg.generated
      This element is automatically generated by MyBatis Generator, do not modify.
      This element was generated on Sun May 24 14:31:24 CST 2020.
    -->
    <where>
      <foreach collection="oredCriteria" item="criteria" separator="or">
        <if test="criteria.valid">
          <trim prefix="(" prefixOverrides="and" suffix=")">
            <foreach collection="criteria.criteria" item="criterion">
              <choose>
                <when test="criterion.noValue">
                  and ${criterion.condition}
                </when>
                <when test="criterion.singleValue">
                  and ${criterion.condition} #{criterion.value}
                </when>
                <when test="criterion.betweenValue">
                  and ${criterion.condition} #{criterion.value} and #{criterion.secondValue}
                </when>
                <when test="criterion.listValue">
                  and ${criterion.condition}
                  <foreach close=")" collection="criterion.value" item="listItem" open="(" separator=",">
                    #{listItem}
                  </foreach>
                </when>
              </choose>
            </foreach>
          </trim>
        </if>
      </foreach>
    </where>
  </sql>
  <sql id="Update_By_Example_Where_Clause">
    <!--
      WARNING - @mbg.generated
      This element is automatically generated by MyBatis Generator, do not modify.
      This element was generated on Sun May 24 14:31:24 CST 2020.
    -->
    <where>
      <foreach collection="example.oredCriteria" item="criteria" separator="or">
        <if test="criteria.valid">
          <trim prefix="(" prefixOverrides="and" suffix=")">
            <foreach collection="criteria.criteria" item="criterion">
              <choose>
                <when test="criterion.noValue">
                  and ${criterion.condition}
                </when>
                <when test="criterion.singleValue">
                  and ${criterion.condition} #{criterion.value}
                </when>
                <when test="criterion.betweenValue">
                  and ${criterion.condition} #{criterion.value} and #{criterion.secondValue}
                </when>
                <when test="criterion.listValue">
                  and ${criterion.condition}
                  <foreach close=")" collection="criterion.value" item="listItem" open="(" separator=",">
                    #{listItem}
                  </foreach>
                </when>
              </choose>
            </foreach>
          </trim>
        </if>
      </foreach>
    </where>
  </sql>
  <sql id="Base_Column_List">
    <!--
      WARNING - @mbg.generated
      This element is automatically generated by MyBatis Generator, do not modify.
      This element was generated on Sun May 24 14:31:24 CST 2020.
    -->
    CUSTOMERIID, PAYMENTID, WISHLISTID, USERNAME, PASSWORDS, FULL_NAME, GENDER, PHONE
  </sql>
  <select id="selectByExample" parameterType="com.ecommerce.one.ecommerce.domain.customerExample" resultMap="BaseResultMap">
    <!--
      WARNING - @mbg.generated
      This element is automatically generated by MyBatis Generator, do not modify.
      This element was generated on Sun May 24 14:31:24 CST 2020.
    -->
    select
    <if test="distinct">
      distinct
    </if>
    <include refid="Base_Column_List" />
    from customer
    <if test="_parameter != null">
      <include refid="Example_Where_Clause" />
    </if>
    <if test="orderByClause != null">
      order by ${orderByClause}
    </if>
  </select>
  <select id="selectByPrimaryKey" parameterType="java.lang.Integer" resultMap="BaseResultMap">
    <!--
      WARNING - @mbg.generated
      This element is automatically generated by MyBatis Generator, do not modify.
      This element was generated on Sun May 24 14:31:24 CST 2020.
    -->
    select 
    <include refid="Base_Column_List" />
    from customer
    where CUSTOMERIID = #{customeriid,jdbcType=INTEGER}
  </select>
  <delete id="deleteByPrimaryKey" parameterType="java.lang.Integer">
    <!--
      WARNING - @mbg.generated
      This element is automatically generated by MyBatis Generator, do not modify.
      This element was generated on Sun May 24 14:31:24 CST 2020.
    -->
    delete from customer
    where CUSTOMERIID = #{customeriid,jdbcType=INTEGER}
  </delete>
  <delete id="deleteByExample" parameterType="com.ecommerce.one.ecommerce.domain.customerExample">
    <!--
      WARNING - @mbg.generated
      This element is automatically generated by MyBatis Generator, do not modify.
      This element was generated on Sun May 24 14:31:24 CST 2020.
    -->
    delete from customer
    <if test="_parameter != null">
      <include refid="Example_Where_Clause" />
    </if>
  </delete>
  <insert id="insert" parameterType="com.ecommerce.one.ecommerce.domain.customer">
    <!--
      WARNING - @mbg.generated
      This element is automatically generated by MyBatis Generator, do not modify.
      This element was generated on Sun May 24 14:31:24 CST 2020.
    -->
    insert into customer (CUSTOMERIID, PAYMENTID, WISHLISTID, 
      USERNAME, PASSWORDS, FULL_NAME, 
      GENDER, PHONE)
    values (#{customeriid,jdbcType=INTEGER}, #{paymentid,jdbcType=INTEGER}, #{wishlistid,jdbcType=INTEGER}, 
      #{username,jdbcType=VARCHAR}, #{passwords,jdbcType=VARCHAR}, #{fullName,jdbcType=VARCHAR}, 
      #{gender,jdbcType=VARCHAR}, #{phone,jdbcType=BIGINT})
  </insert>
  <insert id="insertSelective" parameterType="com.ecommerce.one.ecommerce.domain.customer">
    <!--
      WARNING - @mbg.generated
      This element is automatically generated by MyBatis Generator, do not modify.
      This element was generated on Sun May 24 14:31:24 CST 2020.
    -->
    insert into customer
    <trim prefix="(" suffix=")" suffixOverrides=",">
      <if test="customeriid != null">
        CUSTOMERIID,
      </if>
      <if test="paymentid != null">
        PAYMENTID,
      </if>
      <if test="wishlistid != null">
        WISHLISTID,
      </if>
      <if test="username != null">
        USERNAME,
      </if>
      <if test="passwords != null">
        PASSWORDS,
      </if>
      <if test="fullName != null">
        FULL_NAME,
      </if>
      <if test="gender != null">
        GENDER,
      </if>
      <if test="phone != null">
        PHONE,
      </if>
    </trim>
    <trim prefix="values (" suffix=")" suffixOverrides=",">
      <if test="customeriid != null">
        #{customeriid,jdbcType=INTEGER},
      </if>
      <if test="paymentid != null">
        #{paymentid,jdbcType=INTEGER},
      </if>
      <if test="wishlistid != null">
        #{wishlistid,jdbcType=INTEGER},
      </if>
      <if test="username != null">
        #{username,jdbcType=VARCHAR},
      </if>
      <if test="passwords != null">
        #{passwords,jdbcType=VARCHAR},
      </if>
      <if test="fullName != null">
        #{fullName,jdbcType=VARCHAR},
      </if>
      <if test="gender != null">
        #{gender,jdbcType=VARCHAR},
      </if>
      <if test="phone != null">
        #{phone,jdbcType=BIGINT},
      </if>
    </trim>
  </insert>
  <select id="countByExample" parameterType="com.ecommerce.one.ecommerce.domain.customerExample" resultType="java.lang.Long">
    <!--
      WARNING - @mbg.generated
      This element is automatically generated by MyBatis Generator, do not modify.
      This element was generated on Sun May 24 14:31:24 CST 2020.
    -->
    select count(*) from customer
    <if test="_parameter != null">
      <include refid="Example_Where_Clause" />
    </if>
  </select>
  <update id="updateByExampleSelective" parameterType="map">
    <!--
      WARNING - @mbg.generated
      This element is automatically generated by MyBatis Generator, do not modify.
      This element was generated on Sun May 24 14:31:24 CST 2020.
    -->
    update customer
    <set>
      <if test="record.customeriid != null">
        CUSTOMERIID = #{record.customeriid,jdbcType=INTEGER},
      </if>
      <if test="record.paymentid != null">
        PAYMENTID = #{record.paymentid,jdbcType=INTEGER},
      </if>
      <if test="record.wishlistid != null">
        WISHLISTID = #{record.wishlistid,jdbcType=INTEGER},
      </if>
      <if test="record.username != null">
        USERNAME = #{record.username,jdbcType=VARCHAR},
      </if>
      <if test="record.passwords != null">
        PASSWORDS = #{record.passwords,jdbcType=VARCHAR},
      </if>
      <if test="record.fullName != null">
        FULL_NAME = #{record.fullName,jdbcType=VARCHAR},
      </if>
      <if test="record.gender != null">
        GENDER = #{record.gender,jdbcType=VARCHAR},
      </if>
      <if test="record.phone != null">
        PHONE = #{record.phone,jdbcType=BIGINT},
      </if>
    </set>
    <if test="_parameter != null">
      <include refid="Update_By_Example_Where_Clause" />
    </if>
  </update>
  <update id="updateByExample" parameterType="map">
    <!--
      WARNING - @mbg.generated
      This element is automatically generated by MyBatis Generator, do not modify.
      This element was generated on Sun May 24 14:31:24 CST 2020.
    -->
    update customer
    set CUSTOMERIID = #{record.customeriid,jdbcType=INTEGER},
      PAYMENTID = #{record.paymentid,jdbcType=INTEGER},
      WISHLISTID = #{record.wishlistid,jdbcType=INTEGER},
      USERNAME = #{record.username,jdbcType=VARCHAR},
      PASSWORDS = #{record.passwords,jdbcType=VARCHAR},
      FULL_NAME = #{record.fullName,jdbcType=VARCHAR},
      GENDER = #{record.gender,jdbcType=VARCHAR},
      PHONE = #{record.phone,jdbcType=BIGINT}
    <if test="_parameter != null">
      <include refid="Update_By_Example_Where_Clause" />
    </if>
  </update>
  <update id="updateByPrimaryKeySelective" parameterType="com.ecommerce.one.ecommerce.domain.customer">
    <!--
      WARNING - @mbg.generated
      This element is automatically generated by MyBatis Generator, do not modify.
      This element was generated on Sun May 24 14:31:24 CST 2020.
    -->
    update customer
    <set>
      <if test="paymentid != null">
        PAYMENTID = #{paymentid,jdbcType=INTEGER},
      </if>
      <if test="wishlistid != null">
        WISHLISTID = #{wishlistid,jdbcType=INTEGER},
      </if>
      <if test="username != null">
        USERNAME = #{username,jdbcType=VARCHAR},
      </if>
      <if test="passwords != null">
        PASSWORDS = #{passwords,jdbcType=VARCHAR},
      </if>
      <if test="fullName != null">
        FULL_NAME = #{fullName,jdbcType=VARCHAR},
      </if>
      <if test="gender != null">
        GENDER = #{gender,jdbcType=VARCHAR},
      </if>
      <if test="phone != null">
        PHONE = #{phone,jdbcType=BIGINT},
      </if>
    </set>
    where CUSTOMERIID = #{customeriid,jdbcType=INTEGER}
  </update>
  <update id="updateByPrimaryKey" parameterType="com.ecommerce.one.ecommerce.domain.customer">
    <!--
      WARNING - @mbg.generated
      This element is automatically generated by MyBatis Generator, do not modify.
      This element was generated on Sun May 24 14:31:24 CST 2020.
    -->
    update customer
    set PAYMENTID = #{paymentid,jdbcType=INTEGER},
      WISHLISTID = #{wishlistid,jdbcType=INTEGER},
      USERNAME = #{username,jdbcType=VARCHAR},
      PASSWORDS = #{passwords,jdbcType=VARCHAR},
      FULL_NAME = #{fullName,jdbcType=VARCHAR},
      GENDER = #{gender,jdbcType=VARCHAR},
      PHONE = #{phone,jdbcType=BIGINT}
    where CUSTOMERIID = #{customeriid,jdbcType=INTEGER}
  </update>
</mapper>