<?xml version="1.0" encoding="UTF-8"?>
<!DOCTYPE mapper PUBLIC "-//mybatis.org//DTD Mapper 3.0//EN" "http://mybatis.org/dtd/mybatis-3-mapper.dtd">
<mapper namespace="com.ecommerce.one.ecommerce.mapper.ordersMapper">
  <resultMap id="BaseResultMap" type="com.ecommerce.one.ecommerce.domain.orders">
    <!--
      WARNING - @mbg.generated
      This element is automatically generated by MyBatis Generator, do not modify.
      This element was generated on Sun May 24 14:31:24 CST 2020.
    -->
    <id column="ORDERID" jdbcType="INTEGER" property="orderid" />
    <result column="ADDRESSID" jdbcType="INTEGER" property="addressid" />
    <result column="PAYMENTID" jdbcType="INTEGER" property="paymentid" />
    <result column="CUSTOMERIID" jdbcType="INTEGER" property="customeriid" />
    <result column="SHIPPINGID" jdbcType="INTEGER" property="shippingid" />
    <result column="ORDERDATE" jdbcType="TIMESTAMP" property="orderdate" />
    <result column="TOTALPRICE" jdbcType="REAL" property="totalprice" />
    <result column="QUANTITY" jdbcType="REAL" property="quantity" />
  </resultMap>
  <sql id="Example_Where_Clause">
    <!--
      WARNING - @mbg.generated
      This element is automatically generated by MyBatis Generator, do not modify.
      This element was generated on Sun May 24 14:31:24 CST 2020.
    -->
    <where>
      <foreach collection="oredCriteria" item="criteria" separator="or">
        <if test="criteria.valid">
          <trim prefix="(" prefixOverrides="and" suffix=")">
            <foreach collection="criteria.criteria" item="criterion">
              <choose>
                <when test="criterion.noValue">
                  and ${criterion.condition}
                </when>
                <when test="criterion.singleValue">
                  and ${criterion.condition} #{criterion.value}
                </when>
                <when test="criterion.betweenValue">
                  and ${criterion.condition} #{criterion.value} and #{criterion.secondValue}
                </when>
                <when test="criterion.listValue">
                  and ${criterion.condition}
                  <foreach close=")" collection="criterion.value" item="listItem" open="(" separator=",">
                    #{listItem}
                  </foreach>
                </when>
              </choose>
            </foreach>
          </trim>
        </if>
      </foreach>
    </where>
  </sql>
  <sql id="Update_By_Example_Where_Clause">
    <!--
      WARNING - @mbg.generated
      This element is automatically generated by MyBatis Generator, do not modify.
      This element was generated on Sun May 24 14:31:24 CST 2020.
    -->
    <where>
      <foreach collection="example.oredCriteria" item="criteria" separator="or">
        <if test="criteria.valid">
          <trim prefix="(" prefixOverrides="and" suffix=")">
            <foreach collection="criteria.criteria" item="criterion">
              <choose>
                <when test="criterion.noValue">
                  and ${criterion.condition}
                </when>
                <when test="criterion.singleValue">
                  and ${criterion.condition} #{criterion.value}
                </when>
                <when test="criterion.betweenValue">
                  and ${criterion.condition} #{criterion.value} and #{criterion.secondValue}
                </when>
                <when test="criterion.listValue">
                  and ${criterion.condition}
                  <foreach close=")" collection="criterion.value" item="listItem" open="(" separator=",">
                    #{listItem}
                  </foreach>
                </when>
              </choose>
            </foreach>
          </trim>
        </if>
      </foreach>
    </where>
  </sql>
  <sql id="Base_Column_List">
    <!--
      WARNING - @mbg.generated
      This element is automatically generated by MyBatis Generator, do not modify.
      This element was generated on Sun May 24 14:31:24 CST 2020.
    -->
    ORDERID, ADDRESSID, PAYMENTID, CUSTOMERIID, SHIPPINGID, ORDERDATE, TOTALPRICE, QUANTITY
  </sql>
  <select id="selectByExample" parameterType="com.ecommerce.one.ecommerce.domain.ordersExample" resultMap="BaseResultMap">
    <!--
      WARNING - @mbg.generated
      This element is automatically generated by MyBatis Generator, do not modify.
      This element was generated on Sun May 24 14:31:24 CST 2020.
    -->
    select
    <if test="distinct">
      distinct
    </if>
    <include refid="Base_Column_List" />
    from orders
    <if test="_parameter != null">
      <include refid="Example_Where_Clause" />
    </if>
    <if test="orderByClause != null">
      order by ${orderByClause}
    </if>
  </select>
  <select id="selectByPrimaryKey" parameterType="java.lang.Integer" resultMap="BaseResultMap">
    <!--
      WARNING - @mbg.generated
      This element is automatically generated by MyBatis Generator, do not modify.
      This element was generated on Sun May 24 14:31:24 CST 2020.
    -->
    select 
    <include refid="Base_Column_List" />
    from orders
    where ORDERID = #{orderid,jdbcType=INTEGER}
  </select>
  <delete id="deleteByPrimaryKey" parameterType="java.lang.Integer">
    <!--
      WARNING - @mbg.generated
      This element is automatically generated by MyBatis Generator, do not modify.
      This element was generated on Sun May 24 14:31:24 CST 2020.
    -->
    delete from orders
    where ORDERID = #{orderid,jdbcType=INTEGER}
  </delete>
  <delete id="deleteByExample" parameterType="com.ecommerce.one.ecommerce.domain.ordersExample">
    <!--
      WARNING - @mbg.generated
      This element is automatically generated by MyBatis Generator, do not modify.
      This element was generated on Sun May 24 14:31:24 CST 2020.
    -->
    delete from orders
    <if test="_parameter != null">
      <include refid="Example_Where_Clause" />
    </if>
  </delete>
  <insert id="insert" parameterType="com.ecommerce.one.ecommerce.domain.orders">
    <!--
      WARNING - @mbg.generated
      This element is automatically generated by MyBatis Generator, do not modify.
      This element was generated on Sun May 24 14:31:24 CST 2020.
    -->
    insert into orders (ORDERID, ADDRESSID, PAYMENTID, 
      CUSTOMERIID, SHIPPINGID, ORDERDATE, 
      TOTALPRICE, QUANTITY)
    values (#{orderid,jdbcType=INTEGER}, #{addressid,jdbcType=INTEGER}, #{paymentid,jdbcType=INTEGER}, 
      #{customeriid,jdbcType=INTEGER}, #{shippingid,jdbcType=INTEGER}, #{orderdate,jdbcType=TIMESTAMP}, 
      #{totalprice,jdbcType=REAL}, #{quantity,jdbcType=REAL})
  </insert>
  <insert id="insertSelective" parameterType="com.ecommerce.one.ecommerce.domain.orders">
    <!--
      WARNING - @mbg.generated
      This element is automatically generated by MyBatis Generator, do not modify.
      This element was generated on Sun May 24 14:31:24 CST 2020.
    -->
    insert into orders
    <trim prefix="(" suffix=")" suffixOverrides=",">
      <if test="orderid != null">
        ORDERID,
      </if>
      <if test="addressid != null">
        ADDRESSID,
      </if>
      <if test="paymentid != null">
        PAYMENTID,
      </if>
      <if test="customeriid != null">
        CUSTOMERIID,
      </if>
      <if test="shippingid != null">
        SHIPPINGID,
      </if>
      <if test="orderdate != null">
        ORDERDATE,
      </if>
      <if test="totalprice != null">
        TOTALPRICE,
      </if>
      <if test="quantity != null">
        QUANTITY,
      </if>
    </trim>
    <trim prefix="values (" suffix=")" suffixOverrides=",">
      <if test="orderid != null">
        #{orderid,jdbcType=INTEGER},
      </if>
      <if test="addressid != null">
        #{addressid,jdbcType=INTEGER},
      </if>
      <if test="paymentid != null">
        #{paymentid,jdbcType=INTEGER},
      </if>
      <if test="customeriid != null">
        #{customeriid,jdbcType=INTEGER},
      </if>
      <if test="shippingid != null">
        #{shippingid,jdbcType=INTEGER},
      </if>
      <if test="orderdate != null">
        #{orderdate,jdbcType=TIMESTAMP},
      </if>
      <if test="totalprice != null">
        #{totalprice,jdbcType=REAL},
      </if>
      <if test="quantity != null">
        #{quantity,jdbcType=REAL},
      </if>
    </trim>
  </insert>
  <select id="countByExample" parameterType="com.ecommerce.one.ecommerce.domain.ordersExample" resultType="java.lang.Long">
    <!--
      WARNING - @mbg.generated
      This element is automatically generated by MyBatis Generator, do not modify.
      This element was generated on Sun May 24 14:31:24 CST 2020.
    -->
    select count(*) from orders
    <if test="_parameter != null">
      <include refid="Example_Where_Clause" />
    </if>
  </select>
  <update id="updateByExampleSelective" parameterType="map">
    <!--
      WARNING - @mbg.generated
      This element is automatically generated by MyBatis Generator, do not modify.
      This element was generated on Sun May 24 14:31:24 CST 2020.
    -->
    update orders
    <set>
      <if test="record.orderid != null">
        ORDERID = #{record.orderid,jdbcType=INTEGER},
      </if>
      <if test="record.addressid != null">
        ADDRESSID = #{record.addressid,jdbcType=INTEGER},
      </if>
      <if test="record.paymentid != null">
        PAYMENTID = #{record.paymentid,jdbcType=INTEGER},
      </if>
      <if test="record.customeriid != null">
        CUSTOMERIID = #{record.customeriid,jdbcType=INTEGER},
      </if>
      <if test="record.shippingid != null">
        SHIPPINGID = #{record.shippingid,jdbcType=INTEGER},
      </if>
      <if test="record.orderdate != null">
        ORDERDATE = #{record.orderdate,jdbcType=TIMESTAMP},
      </if>
      <if test="record.totalprice != null">
        TOTALPRICE = #{record.totalprice,jdbcType=REAL},
      </if>
      <if test="record.quantity != null">
        QUANTITY = #{record.quantity,jdbcType=REAL},
      </if>
    </set>
    <if test="_parameter != null">
      <include refid="Update_By_Example_Where_Clause" />
    </if>
  </update>
  <update id="updateByExample" parameterType="map">
    <!--
      WARNING - @mbg.generated
      This element is automatically generated by MyBatis Generator, do not modify.
      This element was generated on Sun May 24 14:31:24 CST 2020.
    -->
    update orders
    set ORDERID = #{record.orderid,jdbcType=INTEGER},
      ADDRESSID = #{record.addressid,jdbcType=INTEGER},
      PAYMENTID = #{record.paymentid,jdbcType=INTEGER},
      CUSTOMERIID = #{record.customeriid,jdbcType=INTEGER},
      SHIPPINGID = #{record.shippingid,jdbcType=INTEGER},
      ORDERDATE = #{record.orderdate,jdbcType=TIMESTAMP},
      TOTALPRICE = #{record.totalprice,jdbcType=REAL},
      QUANTITY = #{record.quantity,jdbcType=REAL}
    <if test="_parameter != null">
      <include refid="Update_By_Example_Where_Clause" />
    </if>
  </update>
  <update id="updateByPrimaryKeySelective" parameterType="com.ecommerce.one.ecommerce.domain.orders">
    <!--
      WARNING - @mbg.generated
      This element is automatically generated by MyBatis Generator, do not modify.
      This element was generated on Sun May 24 14:31:24 CST 2020.
    -->
    update orders
    <set>
      <if test="addressid != null">
        ADDRESSID = #{addressid,jdbcType=INTEGER},
      </if>
      <if test="paymentid != null">
        PAYMENTID = #{paymentid,jdbcType=INTEGER},
      </if>
      <if test="customeriid != null">
        CUSTOMERIID = #{customeriid,jdbcType=INTEGER},
      </if>
      <if test="shippingid != null">
        SHIPPINGID = #{shippingid,jdbcType=INTEGER},
      </if>
      <if test="orderdate != null">
        ORDERDATE = #{orderdate,jdbcType=TIMESTAMP},
      </if>
      <if test="totalprice != null">
        TOTALPRICE = #{totalprice,jdbcType=REAL},
      </if>
      <if test="quantity != null">
        QUANTITY = #{quantity,jdbcType=REAL},
      </if>
    </set>
    where ORDERID = #{orderid,jdbcType=INTEGER}
  </update>
  <update id="updateByPrimaryKey" parameterType="com.ecommerce.one.ecommerce.domain.orders">
    <!--
      WARNING - @mbg.generated
      This element is automatically generated by MyBatis Generator, do not modify.
      This element was generated on Sun May 24 14:31:24 CST 2020.
    -->
    update orders
    set ADDRESSID = #{addressid,jdbcType=INTEGER},
      PAYMENTID = #{paymentid,jdbcType=INTEGER},
      CUSTOMERIID = #{customeriid,jdbcType=INTEGER},
      SHIPPINGID = #{shippingid,jdbcType=INTEGER},
      ORDERDATE = #{orderdate,jdbcType=TIMESTAMP},
      TOTALPRICE = #{totalprice,jdbcType=REAL},
      QUANTITY = #{quantity,jdbcType=REAL}
    where ORDERID = #{orderid,jdbcType=INTEGER}
  </update>
</mapper>