<?xml version="1.0" encoding="UTF-8"?>
<!DOCTYPE mapper PUBLIC "-//mybatis.org//DTD Mapper 3.0//EN" "http://mybatis.org/dtd/mybatis-3-mapper.dtd">
<mapper namespace="com.ecommerce.one.ecommerce.mapper.paymentMapper">
  <resultMap id="BaseResultMap" type="com.ecommerce.one.ecommerce.domain.payment">
    <!--
      WARNING - @mbg.generated
      This element is automatically generated by MyBatis Generator, do not modify.
      This element was generated on Sun May 24 14:31:24 CST 2020.
    -->
    <id column="PAYMENTID" jdbcType="INTEGER" property="paymentid" />
    <result column="CUSTOMERIID" jdbcType="INTEGER" property="customeriid" />
    <result column="CARD" jdbcType="VARCHAR" property="card" />
    <result column="WECHAT" jdbcType="VARCHAR" property="wechat" />
    <result column="ALIPAY" jdbcType="VARCHAR" property="alipay" />
  </resultMap>
  <sql id="Example_Where_Clause">
    <!--
      WARNING - @mbg.generated
      This element is automatically generated by MyBatis Generator, do not modify.
      This element was generated on Sun May 24 14:31:24 CST 2020.
    -->
    <where>
      <foreach collection="oredCriteria" item="criteria" separator="or">
        <if test="criteria.valid">
          <trim prefix="(" prefixOverrides="and" suffix=")">
            <foreach collection="criteria.criteria" item="criterion">
              <choose>
                <when test="criterion.noValue">
                  and ${criterion.condition}
                </when>
                <when test="criterion.singleValue">
                  and ${criterion.condition} #{criterion.value}
                </when>
                <when test="criterion.betweenValue">
                  and ${criterion.condition} #{criterion.value} and #{criterion.secondValue}
                </when>
                <when test="criterion.listValue">
                  and ${criterion.condition}
                  <foreach close=")" collection="criterion.value" item="listItem" open="(" separator=",">
                    #{listItem}
                  </foreach>
                </when>
              </choose>
            </foreach>
          </trim>
        </if>
      </foreach>
    </where>
  </sql>
  <sql id="Update_By_Example_Where_Clause">
    <!--
      WARNING - @mbg.generated
      This element is automatically generated by MyBatis Generator, do not modify.
      This element was generated on Sun May 24 14:31:24 CST 2020.
    -->
    <where>
      <foreach collection="example.oredCriteria" item="criteria" separator="or">
        <if test="criteria.valid">
          <trim prefix="(" prefixOverrides="and" suffix=")">
            <foreach collection="criteria.criteria" item="criterion">
              <choose>
                <when test="criterion.noValue">
                  and ${criterion.condition}
                </when>
                <when test="criterion.singleValue">
                  and ${criterion.condition} #{criterion.value}
                </when>
                <when test="criterion.betweenValue">
                  and ${criterion.condition} #{criterion.value} and #{criterion.secondValue}
                </when>
                <when test="criterion.listValue">
                  and ${criterion.condition}
                  <foreach close=")" collection="criterion.value" item="listItem" open="(" separator=",">
                    #{listItem}
                  </foreach>
                </when>
              </choose>
            </foreach>
          </trim>
        </if>
      </foreach>
    </where>
  </sql>
  <sql id="Base_Column_List">
    <!--
      WARNING - @mbg.generated
      This element is automatically generated by MyBatis Generator, do not modify.
      This element was generated on Sun May 24 14:31:24 CST 2020.
    -->
    PAYMENTID, CUSTOMERIID, CARD, WECHAT, ALIPAY
  </sql>
  <select id="selectByExample" parameterType="com.ecommerce.one.ecommerce.domain.paymentExample" resultMap="BaseResultMap">
    <!--
      WARNING - @mbg.generated
      This element is automatically generated by MyBatis Generator, do not modify.
      This element was generated on Sun May 24 14:31:24 CST 2020.
    -->
    select
    <if test="distinct">
      distinct
    </if>
    <include refid="Base_Column_List" />
    from payment
    <if test="_parameter != null">
      <include refid="Example_Where_Clause" />
    </if>
    <if test="orderByClause != null">
      order by ${orderByClause}
    </if>
  </select>
  <select id="selectByPrimaryKey" parameterType="java.lang.Integer" resultMap="BaseResultMap">
    <!--
      WARNING - @mbg.generated
      This element is automatically generated by MyBatis Generator, do not modify.
      This element was generated on Sun May 24 14:31:24 CST 2020.
    -->
    select 
    <include refid="Base_Column_List" />
    from payment
    where PAYMENTID = #{paymentid,jdbcType=INTEGER}
  </select>
  <delete id="deleteByPrimaryKey" parameterType="java.lang.Integer">
    <!--
      WARNING - @mbg.generated
      This element is automatically generated by MyBatis Generator, do not modify.
      This element was generated on Sun May 24 14:31:24 CST 2020.
    -->
    delete from payment
    where PAYMENTID = #{paymentid,jdbcType=INTEGER}
  </delete>
  <delete id="deleteByExample" parameterType="com.ecommerce.one.ecommerce.domain.paymentExample">
    <!--
      WARNING - @mbg.generated
      This element is automatically generated by MyBatis Generator, do not modify.
      This element was generated on Sun May 24 14:31:24 CST 2020.
    -->
    delete from payment
    <if test="_parameter != null">
      <include refid="Example_Where_Clause" />
    </if>
  </delete>
  <insert id="insert" parameterType="com.ecommerce.one.ecommerce.domain.payment">
    <!--
      WARNING - @mbg.generated
      This element is automatically generated by MyBatis Generator, do not modify.
      This element was generated on Sun May 24 14:31:24 CST 2020.
    -->
    insert into payment (PAYMENTID, CUSTOMERIID, CARD, 
      WECHAT, ALIPAY)
    values (#{paymentid,jdbcType=INTEGER}, #{customeriid,jdbcType=INTEGER}, #{card,jdbcType=VARCHAR}, 
      #{wechat,jdbcType=VARCHAR}, #{alipay,jdbcType=VARCHAR})
  </insert>
  <insert id="insertSelective" parameterType="com.ecommerce.one.ecommerce.domain.payment">
    <!--
      WARNING - @mbg.generated
      This element is automatically generated by MyBatis Generator, do not modify.
      This element was generated on Sun May 24 14:31:24 CST 2020.
    -->
    insert into payment
    <trim prefix="(" suffix=")" suffixOverrides=",">
      <if test="paymentid != null">
        PAYMENTID,
      </if>
      <if test="customeriid != null">
        CUSTOMERIID,
      </if>
      <if test="card != null">
        CARD,
      </if>
      <if test="wechat != null">
        WECHAT,
      </if>
      <if test="alipay != null">
        ALIPAY,
      </if>
    </trim>
    <trim prefix="values (" suffix=")" suffixOverrides=",">
      <if test="paymentid != null">
        #{paymentid,jdbcType=INTEGER},
      </if>
      <if test="customeriid != null">
        #{customeriid,jdbcType=INTEGER},
      </if>
      <if test="card != null">
        #{card,jdbcType=VARCHAR},
      </if>
      <if test="wechat != null">
        #{wechat,jdbcType=VARCHAR},
      </if>
      <if test="alipay != null">
        #{alipay,jdbcType=VARCHAR},
      </if>
    </trim>
  </insert>
  <select id="countByExample" parameterType="com.ecommerce.one.ecommerce.domain.paymentExample" resultType="java.lang.Long">
    <!--
      WARNING - @mbg.generated
      This element is automatically generated by MyBatis Generator, do not modify.
      This element was generated on Sun May 24 14:31:24 CST 2020.
    -->
    select count(*) from payment
    <if test="_parameter != null">
      <include refid="Example_Where_Clause" />
    </if>
  </select>
  <update id="updateByExampleSelective" parameterType="map">
    <!--
      WARNING - @mbg.generated
      This element is automatically generated by MyBatis Generator, do not modify.
      This element was generated on Sun May 24 14:31:24 CST 2020.
    -->
    update payment
    <set>
      <if test="record.paymentid != null">
        PAYMENTID = #{record.paymentid,jdbcType=INTEGER},
      </if>
      <if test="record.customeriid != null">
        CUSTOMERIID = #{record.customeriid,jdbcType=INTEGER},
      </if>
      <if test="record.card != null">
        CARD = #{record.card,jdbcType=VARCHAR},
      </if>
      <if test="record.wechat != null">
        WECHAT = #{record.wechat,jdbcType=VARCHAR},
      </if>
      <if test="record.alipay != null">
        ALIPAY = #{record.alipay,jdbcType=VARCHAR},
      </if>
    </set>
    <if test="_parameter != null">
      <include refid="Update_By_Example_Where_Clause" />
    </if>
  </update>
  <update id="updateByExample" parameterType="map">
    <!--
      WARNING - @mbg.generated
      This element is automatically generated by MyBatis Generator, do not modify.
      This element was generated on Sun May 24 14:31:24 CST 2020.
    -->
    update payment
    set PAYMENTID = #{record.paymentid,jdbcType=INTEGER},
      CUSTOMERIID = #{record.customeriid,jdbcType=INTEGER},
      CARD = #{record.card,jdbcType=VARCHAR},
      WECHAT = #{record.wechat,jdbcType=VARCHAR},
      ALIPAY = #{record.alipay,jdbcType=VARCHAR}
    <if test="_parameter != null">
      <include refid="Update_By_Example_Where_Clause" />
    </if>
  </update>
  <update id="updateByPrimaryKeySelective" parameterType="com.ecommerce.one.ecommerce.domain.payment">
    <!--
      WARNING - @mbg.generated
      This element is automatically generated by MyBatis Generator, do not modify.
      This element was generated on Sun May 24 14:31:24 CST 2020.
    -->
    update payment
    <set>
      <if test="customeriid != null">
        CUSTOMERIID = #{customeriid,jdbcType=INTEGER},
      </if>
      <if test="card != null">
        CARD = #{card,jdbcType=VARCHAR},
      </if>
      <if test="wechat != null">
        WECHAT = #{wechat,jdbcType=VARCHAR},
      </if>
      <if test="alipay != null">
        ALIPAY = #{alipay,jdbcType=VARCHAR},
      </if>
    </set>
    where PAYMENTID = #{paymentid,jdbcType=INTEGER}
  </update>
  <update id="updateByPrimaryKey" parameterType="com.ecommerce.one.ecommerce.domain.payment">
    <!--
      WARNING - @mbg.generated
      This element is automatically generated by MyBatis Generator, do not modify.
      This element was generated on Sun May 24 14:31:24 CST 2020.
    -->
    update payment
    set CUSTOMERIID = #{customeriid,jdbcType=INTEGER},
      CARD = #{card,jdbcType=VARCHAR},
      WECHAT = #{wechat,jdbcType=VARCHAR},
      ALIPAY = #{alipay,jdbcType=VARCHAR}
    where PAYMENTID = #{paymentid,jdbcType=INTEGER}
  </update>
</mapper>