<?xml version="1.0" encoding="UTF-8"?>
<!DOCTYPE mapper PUBLIC "-//mybatis.org//DTD Mapper 3.0//EN" "http://mybatis.org/dtd/mybatis-3-mapper.dtd">
<mapper namespace="com.ecommerce.one.ecommerce.mapper.productMapper">
  <resultMap id="BaseResultMap" type="com.ecommerce.one.ecommerce.domain.product">
    <!--
      WARNING - @mbg.generated
      This element is automatically generated by MyBatis Generator, do not modify.
      This element was generated on Sun May 24 14:31:24 CST 2020.
    -->
    <id column="PRODUCTID" jdbcType="INTEGER" property="productid" />
    <result column="WISHLISTID" jdbcType="INTEGER" property="wishlistid" />
    <result column="ADMINID" jdbcType="INTEGER" property="adminid" />
    <result column="NAME" jdbcType="VARCHAR" property="name" />
    <result column="PRICE" jdbcType="REAL" property="price" />
    <result column="DESCRIPTION" jdbcType="VARCHAR" property="description" />
  </resultMap>
  <resultMap extends="BaseResultMap" id="ResultMapWithBLOBs" type="com.ecommerce.one.ecommerce.domain.product">
    <!--
      WARNING - @mbg.generated
      This element is automatically generated by MyBatis Generator, do not modify.
      This element was generated on Sun May 24 14:31:24 CST 2020.
    -->
    <result column="IMAGE" jdbcType="LONGVARBINARY" property="image" />
  </resultMap>
  <sql id="Example_Where_Clause">
    <!--
      WARNING - @mbg.generated
      This element is automatically generated by MyBatis Generator, do not modify.
      This element was generated on Sun May 24 14:31:24 CST 2020.
    -->
    <where>
      <foreach collection="oredCriteria" item="criteria" separator="or">
        <if test="criteria.valid">
          <trim prefix="(" prefixOverrides="and" suffix=")">
            <foreach collection="criteria.criteria" item="criterion">
              <choose>
                <when test="criterion.noValue">
                  and ${criterion.condition}
                </when>
                <when test="criterion.singleValue">
                  and ${criterion.condition} #{criterion.value}
                </when>
                <when test="criterion.betweenValue">
                  and ${criterion.condition} #{criterion.value} and #{criterion.secondValue}
                </when>
                <when test="criterion.listValue">
                  and ${criterion.condition}
                  <foreach close=")" collection="criterion.value" item="listItem" open="(" separator=",">
                    #{listItem}
                  </foreach>
                </when>
              </choose>
            </foreach>
          </trim>
        </if>
      </foreach>
    </where>
  </sql>
  <sql id="Update_By_Example_Where_Clause">
    <!--
      WARNING - @mbg.generated
      This element is automatically generated by MyBatis Generator, do not modify.
      This element was generated on Sun May 24 14:31:24 CST 2020.
    -->
    <where>
      <foreach collection="example.oredCriteria" item="criteria" separator="or">
        <if test="criteria.valid">
          <trim prefix="(" prefixOverrides="and" suffix=")">
            <foreach collection="criteria.criteria" item="criterion">
              <choose>
                <when test="criterion.noValue">
                  and ${criterion.condition}
                </when>
                <when test="criterion.singleValue">
                  and ${criterion.condition} #{criterion.value}
                </when>
                <when test="criterion.betweenValue">
                  and ${criterion.condition} #{criterion.value} and #{criterion.secondValue}
                </when>
                <when test="criterion.listValue">
                  and ${criterion.condition}
                  <foreach close=")" collection="criterion.value" item="listItem" open="(" separator=",">
                    #{listItem}
                  </foreach>
                </when>
              </choose>
            </foreach>
          </trim>
        </if>
      </foreach>
    </where>
  </sql>
  <sql id="Base_Column_List">
    <!--
      WARNING - @mbg.generated
      This element is automatically generated by MyBatis Generator, do not modify.
      This element was generated on Sun May 24 14:31:24 CST 2020.
    -->
    PRODUCTID, WISHLISTID, ADMINID, NAME, PRICE, DESCRIPTION
  </sql>
  <sql id="Blob_Column_List">
    <!--
      WARNING - @mbg.generated
      This element is automatically generated by MyBatis Generator, do not modify.
      This element was generated on Sun May 24 14:31:24 CST 2020.
    -->
    IMAGE
  </sql>
  <select id="selectByExampleWithBLOBs" parameterType="com.ecommerce.one.ecommerce.domain.productExample" resultMap="ResultMapWithBLOBs">
    <!--
      WARNING - @mbg.generated
      This element is automatically generated by MyBatis Generator, do not modify.
      This element was generated on Sun May 24 14:31:24 CST 2020.
    -->
    select
    <if test="distinct">
      distinct
    </if>
    <include refid="Base_Column_List" />
    ,
    <include refid="Blob_Column_List" />
    from product
    <if test="_parameter != null">
      <include refid="Example_Where_Clause" />
    </if>
    <if test="orderByClause != null">
      order by ${orderByClause}
    </if>
  </select>
  <select id="selectByExample" parameterType="com.ecommerce.one.ecommerce.domain.productExample" resultMap="BaseResultMap">
    <!--
      WARNING - @mbg.generated
      This element is automatically generated by MyBatis Generator, do not modify.
      This element was generated on Sun May 24 14:31:24 CST 2020.
    -->
    select
    <if test="distinct">
      distinct
    </if>
    <include refid="Base_Column_List" />
    from product
    <if test="_parameter != null">
      <include refid="Example_Where_Clause" />
    </if>
    <if test="orderByClause != null">
      order by ${orderByClause}
    </if>
  </select>
  <select id="selectByPrimaryKey" parameterType="java.lang.Integer" resultMap="ResultMapWithBLOBs">
    <!--
      WARNING - @mbg.generated
      This element is automatically generated by MyBatis Generator, do not modify.
      This element was generated on Sun May 24 14:31:24 CST 2020.
    -->
    select 
    <include refid="Base_Column_List" />
    ,
    <include refid="Blob_Column_List" />
    from product
    where PRODUCTID = #{productid,jdbcType=INTEGER}
  </select>
  <delete id="deleteByPrimaryKey" parameterType="java.lang.Integer">
    <!--
      WARNING - @mbg.generated
      This element is automatically generated by MyBatis Generator, do not modify.
      This element was generated on Sun May 24 14:31:24 CST 2020.
    -->
    delete from product
    where PRODUCTID = #{productid,jdbcType=INTEGER}
  </delete>
  <delete id="deleteByExample" parameterType="com.ecommerce.one.ecommerce.domain.productExample">
    <!--
      WARNING - @mbg.generated
      This element is automatically generated by MyBatis Generator, do not modify.
      This element was generated on Sun May 24 14:31:24 CST 2020.
    -->
    delete from product
    <if test="_parameter != null">
      <include refid="Example_Where_Clause" />
    </if>
  </delete>
  <insert id="insert" parameterType="com.ecommerce.one.ecommerce.domain.product">
    <!--
      WARNING - @mbg.generated
      This element is automatically generated by MyBatis Generator, do not modify.
      This element was generated on Sun May 24 14:31:24 CST 2020.
    -->
    insert into product (PRODUCTID, WISHLISTID, ADMINID, 
      NAME, PRICE, DESCRIPTION, 
      IMAGE)
    values (#{productid,jdbcType=INTEGER}, #{wishlistid,jdbcType=INTEGER}, #{adminid,jdbcType=INTEGER}, 
      #{name,jdbcType=VARCHAR}, #{price,jdbcType=REAL}, #{description,jdbcType=VARCHAR}, 
      #{image,jdbcType=LONGVARBINARY})
  </insert>
  <insert id="insertSelective" parameterType="com.ecommerce.one.ecommerce.domain.product">
    <!--
      WARNING - @mbg.generated
      This element is automatically generated by MyBatis Generator, do not modify.
      This element was generated on Sun May 24 14:31:24 CST 2020.
    -->
    insert into product
    <trim prefix="(" suffix=")" suffixOverrides=",">
      <if test="productid != null">
        PRODUCTID,
      </if>
      <if test="wishlistid != null">
        WISHLISTID,
      </if>
      <if test="adminid != null">
        ADMINID,
      </if>
      <if test="name != null">
        NAME,
      </if>
      <if test="price != null">
        PRICE,
      </if>
      <if test="description != null">
        DESCRIPTION,
      </if>
      <if test="image != null">
        IMAGE,
      </if>
    </trim>
    <trim prefix="values (" suffix=")" suffixOverrides=",">
      <if test="productid != null">
        #{productid,jdbcType=INTEGER},
      </if>
      <if test="wishlistid != null">
        #{wishlistid,jdbcType=INTEGER},
      </if>
      <if test="adminid != null">
        #{adminid,jdbcType=INTEGER},
      </if>
      <if test="name != null">
        #{name,jdbcType=VARCHAR},
      </if>
      <if test="price != null">
        #{price,jdbcType=REAL},
      </if>
      <if test="description != null">
        #{description,jdbcType=VARCHAR},
      </if>
      <if test="image != null">
        #{image,jdbcType=LONGVARBINARY},
      </if>
    </trim>
  </insert>
  <select id="countByExample" parameterType="com.ecommerce.one.ecommerce.domain.productExample" resultType="java.lang.Long">
    <!--
      WARNING - @mbg.generated
      This element is automatically generated by MyBatis Generator, do not modify.
      This element was generated on Sun May 24 14:31:24 CST 2020.
    -->
    select count(*) from product
    <if test="_parameter != null">
      <include refid="Example_Where_Clause" />
    </if>
  </select>
  <update id="updateByExampleSelective" parameterType="map">
    <!--
      WARNING - @mbg.generated
      This element is automatically generated by MyBatis Generator, do not modify.
      This element was generated on Sun May 24 14:31:24 CST 2020.
    -->
    update product
    <set>
      <if test="record.productid != null">
        PRODUCTID = #{record.productid,jdbcType=INTEGER},
      </if>
      <if test="record.wishlistid != null">
        WISHLISTID = #{record.wishlistid,jdbcType=INTEGER},
      </if>
      <if test="record.adminid != null">
        ADMINID = #{record.adminid,jdbcType=INTEGER},
      </if>
      <if test="record.name != null">
        NAME = #{record.name,jdbcType=VARCHAR},
      </if>
      <if test="record.price != null">
        PRICE = #{record.price,jdbcType=REAL},
      </if>
      <if test="record.description != null">
        DESCRIPTION = #{record.description,jdbcType=VARCHAR},
      </if>
      <if test="record.image != null">
        IMAGE = #{record.image,jdbcType=LONGVARBINARY},
      </if>
    </set>
    <if test="_parameter != null">
      <include refid="Update_By_Example_Where_Clause" />
    </if>
  </update>
  <update id="updateByExampleWithBLOBs" parameterType="map">
    <!--
      WARNING - @mbg.generated
      This element is automatically generated by MyBatis Generator, do not modify.
      This element was generated on Sun May 24 14:31:24 CST 2020.
    -->
    update product
    set PRODUCTID = #{record.productid,jdbcType=INTEGER},
      WISHLISTID = #{record.wishlistid,jdbcType=INTEGER},
      ADMINID = #{record.adminid,jdbcType=INTEGER},
      NAME = #{record.name,jdbcType=VARCHAR},
      PRICE = #{record.price,jdbcType=REAL},
      DESCRIPTION = #{record.description,jdbcType=VARCHAR},
      IMAGE = #{record.image,jdbcType=LONGVARBINARY}
    <if test="_parameter != null">
      <include refid="Update_By_Example_Where_Clause" />
    </if>
  </update>
  <update id="updateByExample" parameterType="map">
    <!--
      WARNING - @mbg.generated
      This element is automatically generated by MyBatis Generator, do not modify.
      This element was generated on Sun May 24 14:31:24 CST 2020.
    -->
    update product
    set PRODUCTID = #{record.productid,jdbcType=INTEGER},
      WISHLISTID = #{record.wishlistid,jdbcType=INTEGER},
      ADMINID = #{record.adminid,jdbcType=INTEGER},
      NAME = #{record.name,jdbcType=VARCHAR},
      PRICE = #{record.price,jdbcType=REAL},
      DESCRIPTION = #{record.description,jdbcType=VARCHAR}
    <if test="_parameter != null">
      <include refid="Update_By_Example_Where_Clause" />
    </if>
  </update>
  <update id="updateByPrimaryKeySelective" parameterType="com.ecommerce.one.ecommerce.domain.product">
    <!--
      WARNING - @mbg.generated
      This element is automatically generated by MyBatis Generator, do not modify.
      This element was generated on Sun May 24 14:31:24 CST 2020.
    -->
    update product
    <set>
      <if test="wishlistid != null">
        WISHLISTID = #{wishlistid,jdbcType=INTEGER},
      </if>
      <if test="adminid != null">
        ADMINID = #{adminid,jdbcType=INTEGER},
      </if>
      <if test="name != null">
        NAME = #{name,jdbcType=VARCHAR},
      </if>
      <if test="price != null">
        PRICE = #{price,jdbcType=REAL},
      </if>
      <if test="description != null">
        DESCRIPTION = #{description,jdbcType=VARCHAR},
      </if>
      <if test="image != null">
        IMAGE = #{image,jdbcType=LONGVARBINARY},
      </if>
    </set>
    where PRODUCTID = #{productid,jdbcType=INTEGER}
  </update>
  <update id="updateByPrimaryKeyWithBLOBs" parameterType="com.ecommerce.one.ecommerce.domain.product">
    <!--
      WARNING - @mbg.generated
      This element is automatically generated by MyBatis Generator, do not modify.
      This element was generated on Sun May 24 14:31:24 CST 2020.
    -->
    update product
    set WISHLISTID = #{wishlistid,jdbcType=INTEGER},
      ADMINID = #{adminid,jdbcType=INTEGER},
      NAME = #{name,jdbcType=VARCHAR},
      PRICE = #{price,jdbcType=REAL},
      DESCRIPTION = #{description,jdbcType=VARCHAR},
      IMAGE = #{image,jdbcType=LONGVARBINARY}
    where PRODUCTID = #{productid,jdbcType=INTEGER}
  </update>
  <update id="updateByPrimaryKey" parameterType="com.ecommerce.one.ecommerce.domain.product">
    <!--
      WARNING - @mbg.generated
      This element is automatically generated by MyBatis Generator, do not modify.
      This element was generated on Sun May 24 14:31:24 CST 2020.
    -->
    update product
    set WISHLISTID = #{wishlistid,jdbcType=INTEGER},
      ADMINID = #{adminid,jdbcType=INTEGER},
      NAME = #{name,jdbcType=VARCHAR},
      PRICE = #{price,jdbcType=REAL},
      DESCRIPTION = #{description,jdbcType=VARCHAR}
    where PRODUCTID = #{productid,jdbcType=INTEGER}
  </update>
</mapper>