<?xml version="1.0" encoding="UTF-8"?>
<!DOCTYPE mapper PUBLIC "-//mybatis.org//DTD Mapper 3.0//EN" "http://mybatis.org/dtd/mybatis-3-mapper.dtd">
<mapper namespace="com.ecommerce.one.ecommerce.mapper.shippingMapper">
  <resultMap id="BaseResultMap" type="com.ecommerce.one.ecommerce.domain.shipping">
    <!--
      WARNING - @mbg.generated
      This element is automatically generated by MyBatis Generator, do not modify.
      This element was generated on Sun May 24 14:31:24 CST 2020.
    -->
    <id column="SHIPPINGID" jdbcType="INTEGER" property="shippingid" />
    <result column="ORDERID" jdbcType="INTEGER" property="orderid" />
    <result column="SHIPPINGFEE" jdbcType="REAL" property="shippingfee" />
    <result column="SHIPPINGTIME" jdbcType="TIMESTAMP" property="shippingtime" />
  </resultMap>
  <sql id="Example_Where_Clause">
    <!--
      WARNING - @mbg.generated
      This element is automatically generated by MyBatis Generator, do not modify.
      This element was generated on Sun May 24 14:31:24 CST 2020.
    -->
    <where>
      <foreach collection="oredCriteria" item="criteria" separator="or">
        <if test="criteria.valid">
          <trim prefix="(" prefixOverrides="and" suffix=")">
            <foreach collection="criteria.criteria" item="criterion">
              <choose>
                <when test="criterion.noValue">
                  and ${criterion.condition}
                </when>
                <when test="criterion.singleValue">
                  and ${criterion.condition} #{criterion.value}
                </when>
                <when test="criterion.betweenValue">
                  and ${criterion.condition} #{criterion.value} and #{criterion.secondValue}
                </when>
                <when test="criterion.listValue">
                  and ${criterion.condition}
                  <foreach close=")" collection="criterion.value" item="listItem" open="(" separator=",">
                    #{listItem}
                  </foreach>
                </when>
              </choose>
            </foreach>
          </trim>
        </if>
      </foreach>
    </where>
  </sql>
  <sql id="Update_By_Example_Where_Clause">
    <!--
      WARNING - @mbg.generated
      This element is automatically generated by MyBatis Generator, do not modify.
      This element was generated on Sun May 24 14:31:24 CST 2020.
    -->
    <where>
      <foreach collection="example.oredCriteria" item="criteria" separator="or">
        <if test="criteria.valid">
          <trim prefix="(" prefixOverrides="and" suffix=")">
            <foreach collection="criteria.criteria" item="criterion">
              <choose>
                <when test="criterion.noValue">
                  and ${criterion.condition}
                </when>
                <when test="criterion.singleValue">
                  and ${criterion.condition} #{criterion.value}
                </when>
                <when test="criterion.betweenValue">
                  and ${criterion.condition} #{criterion.value} and #{criterion.secondValue}
                </when>
                <when test="criterion.listValue">
                  and ${criterion.condition}
                  <foreach close=")" collection="criterion.value" item="listItem" open="(" separator=",">
                    #{listItem}
                  </foreach>
                </when>
              </choose>
            </foreach>
          </trim>
        </if>
      </foreach>
    </where>
  </sql>
  <sql id="Base_Column_List">
    <!--
      WARNING - @mbg.generated
      This element is automatically generated by MyBatis Generator, do not modify.
      This element was generated on Sun May 24 14:31:24 CST 2020.
    -->
    SHIPPINGID, ORDERID, SHIPPINGFEE, SHIPPINGTIME
  </sql>
  <select id="selectByExample" parameterType="com.ecommerce.one.ecommerce.domain.shippingExample" resultMap="BaseResultMap">
    <!--
      WARNING - @mbg.generated
      This element is automatically generated by MyBatis Generator, do not modify.
      This element was generated on Sun May 24 14:31:24 CST 2020.
    -->
    select
    <if test="distinct">
      distinct
    </if>
    <include refid="Base_Column_List" />
    from shipping
    <if test="_parameter != null">
      <include refid="Example_Where_Clause" />
    </if>
    <if test="orderByClause != null">
      order by ${orderByClause}
    </if>
  </select>
  <select id="selectByPrimaryKey" parameterType="java.lang.Integer" resultMap="BaseResultMap">
    <!--
      WARNING - @mbg.generated
      This element is automatically generated by MyBatis Generator, do not modify.
      This element was generated on Sun May 24 14:31:24 CST 2020.
    -->
    select 
    <include refid="Base_Column_List" />
    from shipping
    where SHIPPINGID = #{shippingid,jdbcType=INTEGER}
  </select>
  <delete id="deleteByPrimaryKey" parameterType="java.lang.Integer">
    <!--
      WARNING - @mbg.generated
      This element is automatically generated by MyBatis Generator, do not modify.
      This element was generated on Sun May 24 14:31:24 CST 2020.
    -->
    delete from shipping
    where SHIPPINGID = #{shippingid,jdbcType=INTEGER}
  </delete>
  <delete id="deleteByExample" parameterType="com.ecommerce.one.ecommerce.domain.shippingExample">
    <!--
      WARNING - @mbg.generated
      This element is automatically generated by MyBatis Generator, do not modify.
      This element was generated on Sun May 24 14:31:24 CST 2020.
    -->
    delete from shipping
    <if test="_parameter != null">
      <include refid="Example_Where_Clause" />
    </if>
  </delete>
  <insert id="insert" parameterType="com.ecommerce.one.ecommerce.domain.shipping">
    <!--
      WARNING - @mbg.generated
      This element is automatically generated by MyBatis Generator, do not modify.
      This element was generated on Sun May 24 14:31:24 CST 2020.
    -->
    insert into shipping (SHIPPINGID, ORDERID, SHIPPINGFEE, 
      SHIPPINGTIME)
    values (#{shippingid,jdbcType=INTEGER}, #{orderid,jdbcType=INTEGER}, #{shippingfee,jdbcType=REAL}, 
      #{shippingtime,jdbcType=TIMESTAMP})
  </insert>
  <insert id="insertSelective" parameterType="com.ecommerce.one.ecommerce.domain.shipping">
    <!--
      WARNING - @mbg.generated
      This element is automatically generated by MyBatis Generator, do not modify.
      This element was generated on Sun May 24 14:31:24 CST 2020.
    -->
    insert into shipping
    <trim prefix="(" suffix=")" suffixOverrides=",">
      <if test="shippingid != null">
        SHIPPINGID,
      </if>
      <if test="orderid != null">
        ORDERID,
      </if>
      <if test="shippingfee != null">
        SHIPPINGFEE,
      </if>
      <if test="shippingtime != null">
        SHIPPINGTIME,
      </if>
    </trim>
    <trim prefix="values (" suffix=")" suffixOverrides=",">
      <if test="shippingid != null">
        #{shippingid,jdbcType=INTEGER},
      </if>
      <if test="orderid != null">
        #{orderid,jdbcType=INTEGER},
      </if>
      <if test="shippingfee != null">
        #{shippingfee,jdbcType=REAL},
      </if>
      <if test="shippingtime != null">
        #{shippingtime,jdbcType=TIMESTAMP},
      </if>
    </trim>
  </insert>
  <select id="countByExample" parameterType="com.ecommerce.one.ecommerce.domain.shippingExample" resultType="java.lang.Long">
    <!--
      WARNING - @mbg.generated
      This element is automatically generated by MyBatis Generator, do not modify.
      This element was generated on Sun May 24 14:31:24 CST 2020.
    -->
    select count(*) from shipping
    <if test="_parameter != null">
      <include refid="Example_Where_Clause" />
    </if>
  </select>
  <update id="updateByExampleSelective" parameterType="map">
    <!--
      WARNING - @mbg.generated
      This element is automatically generated by MyBatis Generator, do not modify.
      This element was generated on Sun May 24 14:31:24 CST 2020.
    -->
    update shipping
    <set>
      <if test="record.shippingid != null">
        SHIPPINGID = #{record.shippingid,jdbcType=INTEGER},
      </if>
      <if test="record.orderid != null">
        ORDERID = #{record.orderid,jdbcType=INTEGER},
      </if>
      <if test="record.shippingfee != null">
        SHIPPINGFEE = #{record.shippingfee,jdbcType=REAL},
      </if>
      <if test="record.shippingtime != null">
        SHIPPINGTIME = #{record.shippingtime,jdbcType=TIMESTAMP},
      </if>
    </set>
    <if test="_parameter != null">
      <include refid="Update_By_Example_Where_Clause" />
    </if>
  </update>
  <update id="updateByExample" parameterType="map">
    <!--
      WARNING - @mbg.generated
      This element is automatically generated by MyBatis Generator, do not modify.
      This element was generated on Sun May 24 14:31:24 CST 2020.
    -->
    update shipping
    set SHIPPINGID = #{record.shippingid,jdbcType=INTEGER},
      ORDERID = #{record.orderid,jdbcType=INTEGER},
      SHIPPINGFEE = #{record.shippingfee,jdbcType=REAL},
      SHIPPINGTIME = #{record.shippingtime,jdbcType=TIMESTAMP}
    <if test="_parameter != null">
      <include refid="Update_By_Example_Where_Clause" />
    </if>
  </update>
  <update id="updateByPrimaryKeySelective" parameterType="com.ecommerce.one.ecommerce.domain.shipping">
    <!--
      WARNING - @mbg.generated
      This element is automatically generated by MyBatis Generator, do not modify.
      This element was generated on Sun May 24 14:31:24 CST 2020.
    -->
    update shipping
    <set>
      <if test="orderid != null">
        ORDERID = #{orderid,jdbcType=INTEGER},
      </if>
      <if test="shippingfee != null">
        SHIPPINGFEE = #{shippingfee,jdbcType=REAL},
      </if>
      <if test="shippingtime != null">
        SHIPPINGTIME = #{shippingtime,jdbcType=TIMESTAMP},
      </if>
    </set>
    where SHIPPINGID = #{shippingid,jdbcType=INTEGER}
  </update>
  <update id="updateByPrimaryKey" parameterType="com.ecommerce.one.ecommerce.domain.shipping">
    <!--
      WARNING - @mbg.generated
      This element is automatically generated by MyBatis Generator, do not modify.
      This element was generated on Sun May 24 14:31:24 CST 2020.
    -->
    update shipping
    set ORDERID = #{orderid,jdbcType=INTEGER},
      SHIPPINGFEE = #{shippingfee,jdbcType=REAL},
      SHIPPINGTIME = #{shippingtime,jdbcType=TIMESTAMP}
    where SHIPPINGID = #{shippingid,jdbcType=INTEGER}
  </update>
</mapper>