<?xml version="1.0" encoding="UTF-8"?>
<!DOCTYPE mapper PUBLIC "-//mybatis.org//DTD Mapper 3.0//EN" "http://mybatis.org/dtd/mybatis-3-mapper.dtd">
<mapper namespace="com.ecommerce.one.ecommerce.mapper.wishlistMapper">
  <resultMap id="BaseResultMap" type="com.ecommerce.one.ecommerce.domain.wishlist">
    <!--
      WARNING - @mbg.generated
      This element is automatically generated by MyBatis Generator, do not modify.
      This element was generated on Sun May 24 14:31:24 CST 2020.
    -->
    <id column="WISHLISTID" jdbcType="INTEGER" property="wishlistid" />
    <result column="CUSTOMERIID" jdbcType="INTEGER" property="customeriid" />
  </resultMap>
  <sql id="Example_Where_Clause">
    <!--
      WARNING - @mbg.generated
      This element is automatically generated by MyBatis Generator, do not modify.
      This element was generated on Sun May 24 14:31:24 CST 2020.
    -->
    <where>
      <foreach collection="oredCriteria" item="criteria" separator="or">
        <if test="criteria.valid">
          <trim prefix="(" prefixOverrides="and" suffix=")">
            <foreach collection="criteria.criteria" item="criterion">
              <choose>
                <when test="criterion.noValue">
                  and ${criterion.condition}
                </when>
                <when test="criterion.singleValue">
                  and ${criterion.condition} #{criterion.value}
                </when>
                <when test="criterion.betweenValue">
                  and ${criterion.condition} #{criterion.value} and #{criterion.secondValue}
                </when>
                <when test="criterion.listValue">
                  and ${criterion.condition}
                  <foreach close=")" collection="criterion.value" item="listItem" open="(" separator=",">
                    #{listItem}
                  </foreach>
                </when>
              </choose>
            </foreach>
          </trim>
        </if>
      </foreach>
    </where>
  </sql>
  <sql id="Update_By_Example_Where_Clause">
    <!--
      WARNING - @mbg.generated
      This element is automatically generated by MyBatis Generator, do not modify.
      This element was generated on Sun May 24 14:31:24 CST 2020.
    -->
    <where>
      <foreach collection="example.oredCriteria" item="criteria" separator="or">
        <if test="criteria.valid">
          <trim prefix="(" prefixOverrides="and" suffix=")">
            <foreach collection="criteria.criteria" item="criterion">
              <choose>
                <when test="criterion.noValue">
                  and ${criterion.condition}
                </when>
                <when test="criterion.singleValue">
                  and ${criterion.condition} #{criterion.value}
                </when>
                <when test="criterion.betweenValue">
                  and ${criterion.condition} #{criterion.value} and #{criterion.secondValue}
                </when>
                <when test="criterion.listValue">
                  and ${criterion.condition}
                  <foreach close=")" collection="criterion.value" item="listItem" open="(" separator=",">
                    #{listItem}
                  </foreach>
                </when>
              </choose>
            </foreach>
          </trim>
        </if>
      </foreach>
    </where>
  </sql>
  <sql id="Base_Column_List">
    <!--
      WARNING - @mbg.generated
      This element is automatically generated by MyBatis Generator, do not modify.
      This element was generated on Sun May 24 14:31:24 CST 2020.
    -->
    WISHLISTID, CUSTOMERIID
  </sql>
  <select id="selectByExample" parameterType="com.ecommerce.one.ecommerce.domain.wishlistExample" resultMap="BaseResultMap">
    <!--
      WARNING - @mbg.generated
      This element is automatically generated by MyBatis Generator, do not modify.
      This element was generated on Sun May 24 14:31:24 CST 2020.
    -->
    select
    <if test="distinct">
      distinct
    </if>
    <include refid="Base_Column_List" />
    from wishlist
    <if test="_parameter != null">
      <include refid="Example_Where_Clause" />
    </if>
    <if test="orderByClause != null">
      order by ${orderByClause}
    </if>
  </select>
  <select id="selectByPrimaryKey" parameterType="java.lang.Integer" resultMap="BaseResultMap">
    <!--
      WARNING - @mbg.generated
      This element is automatically generated by MyBatis Generator, do not modify.
      This element was generated on Sun May 24 14:31:24 CST 2020.
    -->
    select 
    <include refid="Base_Column_List" />
    from wishlist
    where WISHLISTID = #{wishlistid,jdbcType=INTEGER}
  </select>
  <delete id="deleteByPrimaryKey" parameterType="java.lang.Integer">
    <!--
      WARNING - @mbg.generated
      This element is automatically generated by MyBatis Generator, do not modify.
      This element was generated on Sun May 24 14:31:24 CST 2020.
    -->
    delete from wishlist
    where WISHLISTID = #{wishlistid,jdbcType=INTEGER}
  </delete>
  <delete id="deleteByExample" parameterType="com.ecommerce.one.ecommerce.domain.wishlistExample">
    <!--
      WARNING - @mbg.generated
      This element is automatically generated by MyBatis Generator, do not modify.
      This element was generated on Sun May 24 14:31:24 CST 2020.
    -->
    delete from wishlist
    <if test="_parameter != null">
      <include refid="Example_Where_Clause" />
    </if>
  </delete>
  <insert id="insert" parameterType="com.ecommerce.one.ecommerce.domain.wishlist">
    <!--
      WARNING - @mbg.generated
      This element is automatically generated by MyBatis Generator, do not modify.
      This element was generated on Sun May 24 14:31:24 CST 2020.
    -->
    insert into wishlist (WISHLISTID, CUSTOMERIID)
    values (#{wishlistid,jdbcType=INTEGER}, #{customeriid,jdbcType=INTEGER})
  </insert>
  <insert id="insertSelective" parameterType="com.ecommerce.one.ecommerce.domain.wishlist">
    <!--
      WARNING - @mbg.generated
      This element is automatically generated by MyBatis Generator, do not modify.
      This element was generated on Sun May 24 14:31:24 CST 2020.
    -->
    insert into wishlist
    <trim prefix="(" suffix=")" suffixOverrides=",">
      <if test="wishlistid != null">
        WISHLISTID,
      </if>
      <if test="customeriid != null">
        CUSTOMERIID,
      </if>
    </trim>
    <trim prefix="values (" suffix=")" suffixOverrides=",">
      <if test="wishlistid != null">
        #{wishlistid,jdbcType=INTEGER},
      </if>
      <if test="customeriid != null">
        #{customeriid,jdbcType=INTEGER},
      </if>
    </trim>
  </insert>
  <select id="countByExample" parameterType="com.ecommerce.one.ecommerce.domain.wishlistExample" resultType="java.lang.Long">
    <!--
      WARNING - @mbg.generated
      This element is automatically generated by MyBatis Generator, do not modify.
      This element was generated on Sun May 24 14:31:24 CST 2020.
    -->
    select count(*) from wishlist
    <if test="_parameter != null">
      <include refid="Example_Where_Clause" />
    </if>
  </select>
  <update id="updateByExampleSelective" parameterType="map">
    <!--
      WARNING - @mbg.generated
      This element is automatically generated by MyBatis Generator, do not modify.
      This element was generated on Sun May 24 14:31:24 CST 2020.
    -->
    update wishlist
    <set>
      <if test="record.wishlistid != null">
        WISHLISTID = #{record.wishlistid,jdbcType=INTEGER},
      </if>
      <if test="record.customeriid != null">
        CUSTOMERIID = #{record.customeriid,jdbcType=INTEGER},
      </if>
    </set>
    <if test="_parameter != null">
      <include refid="Update_By_Example_Where_Clause" />
    </if>
  </update>
  <update id="updateByExample" parameterType="map">
    <!--
      WARNING - @mbg.generated
      This element is automatically generated by MyBatis Generator, do not modify.
      This element was generated on Sun May 24 14:31:24 CST 2020.
    -->
    update wishlist
    set WISHLISTID = #{record.wishlistid,jdbcType=INTEGER},
      CUSTOMERIID = #{record.customeriid,jdbcType=INTEGER}
    <if test="_parameter != null">
      <include refid="Update_By_Example_Where_Clause" />
    </if>
  </update>
  <update id="updateByPrimaryKeySelective" parameterType="com.ecommerce.one.ecommerce.domain.wishlist">
    <!--
      WARNING - @mbg.generated
      This element is automatically generated by MyBatis Generator, do not modify.
      This element was generated on Sun May 24 14:31:24 CST 2020.
    -->
    update wishlist
    <set>
      <if test="customeriid != null">
        CUSTOMERIID = #{customeriid,jdbcType=INTEGER},
      </if>
    </set>
    where WISHLISTID = #{wishlistid,jdbcType=INTEGER}
  </update>
  <update id="updateByPrimaryKey" parameterType="com.ecommerce.one.ecommerce.domain.wishlist">
    <!--
      WARNING - @mbg.generated
      This element is automatically generated by MyBatis Generator, do not modify.
      This element was generated on Sun May 24 14:31:24 CST 2020.
    -->
    update wishlist
    set CUSTOMERIID = #{customeriid,jdbcType=INTEGER}
    where WISHLISTID = #{wishlistid,jdbcType=INTEGER}
  </update>
</mapper>