<?xml version="1.0" encoding="UTF-8"?>
<!DOCTYPE generatorConfiguration
        PUBLIC "-//mybatis.org//DTD MyBatis Generator Configuration 1.0//EN"
        "http://mybatis.org/dtd/mybatis-generator-config_1_0.dtd">

<generatorConfiguration>
    <context id="MySQLTables" targetRuntime="MyBatis3">
        <!--Official Plugins-->
        <!--Generate equals and hash code-->
        <plugin type="org.mybatis.generator.plugins.EqualsHashCodePlugin"/>

        <jdbcConnection driverClass="com.mysql.jdbc.Driver"
                        connectionURL="jdbc:mysql://localhost:3306/?serverTimezone=Asia/Chongqing#/ecommerceone?useUnicode=yes&amp;characterEncoding=UTF-8&amp;useSSL=false"
                        userId="root"
                        password="1234">
            <property name="useInformationSchema" value="true"/>
        </jdbcConnection>

        <javaTypeResolver>
            <property name="forceBigDecimals" value="false"/>
        </javaTypeResolver>

        <javaModelGenerator targetPackage="com.ecommerce.one.ecommerce.domain" targetProject="src/main/java">
            <property name="enableSubPackages" value="true"/>
            <property name="trimStrings" value="true"/>
        </javaModelGenerator>

        <sqlMapGenerator targetPackage="mapper" targetProject="src/main/resources/mybatis">
            <property name="enableSubPackages" value="true"/>
        </sqlMapGenerator>

        <javaClientGenerator type="XMLMAPPER" targetPackage="com.ecommerce.one.ecommerce.mapper" targetProject="src/main/java">
            <property name="enableSubPackages" value="true"/>
        </javaClientGenerator>


        <table schema="ecommerceone" tableName="a" domainObjectName="a">
        </table>
        <table schema="ecommerceone" tableName="address" domainObjectName="address">
        </table>
        <table schema="ecommerceone" tableName="admin" domainObjectName="admin">
        </table>
        <table schema="ecommerceone" tableName="customer" domainObjectName="customer">
        </table>
        <table schema="ecommerceone" tableName="orders" domainObjectName="orders">
        </table>
        <table schema="ecommerceone" tableName="payment" domainObjectName="payment">
        </table>
        <table schema="ecommerceone" tableName="product" domainObjectName="product">
        </table>
        <table schema="ecommerceone" tableName="shipping" domainObjectName="shipping">
        </table>
        <table schema="ecommerceone" tableName="wishlist" domainObjectName="wishlist">
        </table>


    </context>
</generatorConfiguration>